,WHO Region,population,Cases - cumulative total,Cases - cumulative total per 100000 population,Cases - newly reported in last 7 days,Cases - newly reported in last 7 days per 100000 population,Cases - newly reported in last 24 hours,Deaths - cumulative total,Deaths - cumulative total per 100000 population,Deaths - newly reported in last 7 days per 100000 population,ratio
1,Africa,842633927,4863184.0,59094.68,175286.0,1450.0100000000002,32103.0,115825.0,794.9100000000001,39.06999999999999,0.6953019049186128
2,Americas,934833714,76704705.0,205792.49999999997,1216450.0,4568.3,203520.0,2002796.0,4282.010000000001,89.44,2.337073616413029
3,Eastern Mediterranean,577826178,12464402.0,90855.90000000001,423164.0,1630.7800000000002,62491.0,234513.0,1043.5300000000002,26.830000000000002,1.7590432107737217
4,Europe,892356968,59937659.0,452255.5100000001,1047101.0,8976.85,150842.0,1220441.0,7890.860000000001,24.080000000000005,4.653008995703417
5,South-East Asia,1769434502,38145433.0,24865.25,837702.0,676.49,124250.0,563965.0,196.58999999999997,13.73,0.30895708574966174
6,Western Pacific,1786063198,4416071.0,27642.800000000003,294075.0,1818.28,50387.0,63950.0,253.81,16.06,0.2793464781948576
