,WHO Region,population,Cases - cumulative total,Cases - cumulative total per 100000 population,Cases - newly reported in last 7 days,Cases - newly reported in last 7 days per 100000 population,Deaths - cumulative total,Deaths - cumulative total per 100000 population,Deaths - newly reported in last 7 days per 100000 population,ratio
1,Africa,10324025.0,24848.0,267.33,525.0,4.21,298.0,3.81,0.02,0.0032511077878517106
2,Americas,2037961.5,23716.5,3192.565,696.0,47.394999999999996,592.5,62.415000000000006,0.835,0.0356387702622076
3,Eastern Mediterranean,8525239.5,320592.5,3785.1549999999997,5387.0,36.835,3841.5,24.884999999999998,0.21,0.04607705878044526
4,Europe,4940916.0,259202.0,7269.9,1289.0,57.87,4761.0,120.68,0.14,0.07465751692599369
5,South-East Asia,28951852.0,304202.0,828.62,16401.0,56.29,4679.0,16.43,0.53,0.009305185666341887
6,Western Pacific,260496.5,261.5,49.36,2.0,0.175,2.5,0.23,0.0,0.0005847455651160254
