,WHO Region,population,Cases - cumulative total,Cases - cumulative total per 100000 population,Cases - newly reported in last 7 days,Cases - newly reported in last 7 days per 100000 population,Deaths - cumulative total,Deaths - cumulative total per 100000 population,Deaths - newly reported in last 7 days per 100000 population,ratio
1,Africa,17196610.755102042,99248.6530612245,1206.0138775510204,3577.265306122449,29.592040816326534,2363.7755102040815,16.22265306122449,0.7973469387755101,0.014189834794257403
2,Americas,19475702.375,1598014.6875,4287.343749999999,25342.708333333332,95.17291666666667,41724.916666666664,89.20854166666669,1.8633333333333333,0.048689033675271436
3,Eastern Mediterranean,26264826.272727273,566563.7272727273,4129.813636363637,19234.727272727272,74.12636363636365,10659.681818181818,47.43318181818183,1.2195454545454547,0.07995650958062371
4,Europe,14164396.317460317,951391.4126984127,7178.658888888891,16620.650793650795,142.48968253968255,19372.079365079364,125.25174603174604,0.3822222222222223,0.07385728564608599
5,South-East Asia,160857682.0,3467766.6363636362,2260.4772727272725,76154.72727272728,61.49909090909091,51269.545454545456,17.87181818181818,1.2481818181818183,0.028087007795423793
6,Western Pacific,52531270.52941176,129884.44117647059,813.0235294117648,8649.264705882353,53.47882352941176,1880.8823529411766,7.465,0.47235294117647053,0.008216072888084047
